Node;Process;Thread;#max_time_on_cpu_s;#Stop Time US;Time (s);Math (%);#Elapsed Time;String (%);#Stop Time S;Others (%);System (%);#Start Time US;Memory (%);OMP (%);Binary (%);Nb Cycle Events;#max_context_switch_time_s;IO (%);#Start Time S;MPI (%);Pthread (%);
_ALL;_ALL;_ALL;0;914666;57.445068359375;0;59.223598480225;8.3122817293266;1740226814;11.56757141346;27.321740843733;691067;6.3364869876307;0;42.58850481082;11489.015629719;0;3.7775211365567;1740226755;0;0.095743622903451;
merry;_ALL;_ALL;0;914666;57.445068359375;0;59.223598480225;8.3122817293266;1740226814;11.56757141346;27.321740843733;691067;6.3364869876307;0;42.58850481082;11489.015629719;0;3.7775211365567;1740226755;0;0.095743622903451;
merry;33434;_ALL;0;914666;57.445068359375;0;59.223598480225;8.3122817293266;1740226814;11.56757141346;27.321740843733;691067;6.3364869876307;0;42.58850481082;11489.015629719;0;3.7775211365567;1740226755;0;0.095743622903451;
merry;33434;33434;59.169277191162;914666;57.445068359375;0;59.223598480225;8.3122817293266;1740226814;11.56757141346;27.321740843733;691067;6.3364869876307;0;42.58850481082;11489.015629719;4.0692481994629;3.7775211365567;1740226755;0;0.095743622903451;
