Node;Process;Thread;#max_time_on_cpu_s;#Stop Time US;Time (s);Math (%);#Elapsed Time;String (%);#Stop Time S;Others (%);System (%);#Start Time US;Memory (%);OMP (%);Binary (%);Nb Cycle Events;#max_context_switch_time_s;IO (%);#Start Time S;MPI (%);Pthread (%);
_ALL;_ALL;_ALL;0;600357;11.830026626587;0;12.826580047607;36.221392040889;1740226907;5.283165812794;46.365074396537;773777;0;0;1.5215516706366;2366.0056305213;0;10.143680232224;1740226894;0;0.46491856391289;
merry;_ALL;_ALL;0;600357;11.830026626587;0;12.826580047607;36.221392040889;1740226907;5.283165812794;46.365074396537;773777;0;0;1.5215516706366;2366.0056305213;0;10.143680232224;1740226894;0;0.46491856391289;
merry;33684;_ALL;0;600357;11.830026626587;0;12.826580047607;36.221392040889;1740226907;5.283165812794;46.365074396537;773777;0;0;1.5215516706366;2366.0056305213;0;10.143680232224;1740226894;0;0.46491856391289;
merry;33684;33684;12.792140007019;600357;11.830026626587;0;12.826580047607;36.221392040889;1740226907;5.283165812794;46.365074396537;773777;0;0;1.5215516706366;2366.0056305213;0.94610601663589;10.143680232224;1740226894;0;0.46491856391289;
