Node;Process;Thread;#max_time_on_cpu_s;#Stop Time US;Time (s);Math (%);#Elapsed Time;String (%);#Stop Time S;Others (%);System (%);#Start Time US;Memory (%);OMP (%);Binary (%);Nb Cycle Events;#max_context_switch_time_s;IO (%);#Start Time S;MPI (%);Pthread (%);
_ALL;_ALL;_ALL;0;541910;53.319717407227;0;54.777732849121;8.5521866995516;1740226872;11.909290598473;25.909741550572;764177;6.451647210316;0;44.983359396567;10663.944187119;0;2.156800004883;1740226817;0;0.037509573660668;
merry;_ALL;_ALL;0;541910;53.319717407227;0;54.777732849121;8.5521866995516;1740226872;11.909290598473;25.909741550572;764177;6.451647210316;0;44.983359396567;10663.944187119;0;2.156800004883;1740226817;0;0.037509573660668;
merry;33563;_ALL;0;541910;53.319717407227;0;54.777732849121;8.5521866995516;1740226872;11.909290598473;25.909741550572;764177;6.451647210316;0;44.983359396567;10663.944187119;0;2.156800004883;1740226817;0;0.037509573660668;
merry;33563;33563;54.72758102417;541910;53.319717407227;0;54.777732849121;8.5521866995516;1740226872;11.909290598473;25.909741550572;764177;6.451647210316;0;44.983359396567;10663.944187119;3.9633769989014;2.156800004883;1740226817;0;0.037509573660668;
