Node;Process;Thread;#max_time_on_cpu_s;#Stop Time US;Time (s);Math (%);#Elapsed Time;String (%);#Stop Time S;Others (%);System (%);#Start Time US;Memory (%);OMP (%);Binary (%);Nb Cycle Events;#max_context_switch_time_s;IO (%);#Start Time S;MPI (%);Pthread (%);
_ALL;_ALL;_ALL;0;79553;14.324938774109;0;16.674934387207;30.994915496143;1740226892;4.2932113501644;50.541257562898;404619;2.0244411112314;0;3.0017575032515;2864.988004517;0;8.900562356254;1740226875;0;0.24432912770147;
merry;_ALL;_ALL;0;79553;14.324938774109;0;16.674934387207;30.994915496143;1740226892;4.2932113501644;50.541257562898;404619;2.0244411112314;0;3.0017575032515;2864.988004517;0;8.900562356254;1740226875;0;0.24432912770147;
merry;33642;_ALL;0;79553;14.324938774109;0;16.674934387207;30.994915496143;1740226892;4.2932113501644;50.541257562898;404619;2.0244411112314;0;3.0017575032515;2864.988004517;0;8.900562356254;1740226875;0;0.24432912770147;
merry;33642;33642;16.632827758789;79553;14.324938774109;0;16.674934387207;30.994915496143;1740226892;4.2932113501644;50.541257562898;404619;2.0244411112314;0;3.0017575032515;2864.988004517;1.2375420331955;8.900562356254;1740226875;0;0.24432912770147;
