loop_id;module;function_name;function_id;source_info;level;inc_time_p;inc_time_s;inc_time_s_min;inc_time_s_avg;inc_time_s_max;inc_cov_deviation;inc_time_deviation;exc_time_p;exc_time_s;exc_time_s_min;exc_time_s_avg;exc_time_s_max;exc_cov_deviation;exc_time_deviation;nb_threads;flops;
10;opt2.o;load_positions;10;opt2.c:161-171;Innermost;1.0471247434616;0.14999997615814;;;;;;1.0471247434616;0.14999997615814;;;;;;;;
6;opt2.o;main;1;opt2.c:226-228;Innermost;0.59337073564529;0.08500000089407;;;;;;0.59337073564529;0.08500000089407;;;;;;;;
9;opt2.o;load_values;9;opt2.c:111-114,opt2.c:121-122,opt2.c:128-133;Single;0.48865818977356;0.069999985396862;;;;;;0.48865818977356;0.069999985396862;;;;;;;;
5;opt2.o;main;1;opt2.c:210-212;Innermost;0.45375403761864;0.064999990165234;;;;;;0.45375403761864;0.064999990165234;;;;;;;;
3;opt2.o;main;1;opt2.c:244-246;Innermost;0.069808319211006;0.00999999884516;;;;;;0.069808319211006;0.00999999884516;;;;;;;;
8;opt2.o;generate_random_values;8;opt2.c:59-63,stdio2.h:105-105;Innermost;0.069808319211006;0.00999999884516;;;;;;0.069808319211006;0.00999999884516;;;;;;;;
1;opt2.o;main;1;opt2.c:262-264;Innermost;0.069808319211006;0.00999999884516;;;;;;0.069808319211006;0.00999999884516;;;;;;;;
